accuracy,epoch,likelihood,loss,reg_loss
9.86,0,-2040.0133056640625,2.3025548458099365,0.0
