accuracy,epoch,likelihood,loss,reg_loss
9.868333333333334,0,-2040.0133056640625,2.3025553226470947,0.0
