accuracy,epoch,likelihood,loss,reg_loss
11.236666666666666,0,-2039.93798828125,2.3261542320251465,0.0
